Name,Id,CreatedAt
Jeo0,S_1,2020-07-27 17:43:00.346177
Jeo1,S_2,2020-07-27 17:43:00.346177
Jeo2,S_3,2020-07-27 17:43:00.346177
Jeo3,S_4,2020-07-27 17:43:00.346177
Jeo4,S_5,2020-07-27 17:43:00.346177
Jeo5,S_6,2020-07-27 17:43:00.346177
Jeo6,S_7,2020-07-27 17:43:00.346177
Jeo7,S_8,2020-07-27 17:43:00.346177
Jeo8,S_9,2020-07-27 17:43:00.346177
Jeo9,S_10,2020-07-27 17:43:00.346177
Jeo10,S_11,2020-07-27 17:43:00.346177
Jeo11,S_12,2020-07-27 17:43:00.346177
Jeo12,S_13,2020-07-27 17:43:00.346177
Jeo13,S_14,2020-07-27 17:43:00.346177
Jeo14,S_15,2020-07-27 17:43:00.346177
Jeo15,S_16,2020-07-27 17:43:00.346177
Jeo16,S_17,2020-07-27 17:43:00.346177
Jeo17,S_18,2020-07-27 17:43:00.346177
Jeo18,S_19,2020-07-27 17:43:00.346177
Jeo19,S_20,2020-07-27 17:43:00.346177
